step,reward_mean,physics_reward,format_reward,advantage_std,constant_groups,n_tokens,step_time_s
1,0.7635,0.6732,1.0000,0.1552,1.00,84.6,35.97
2,0.7623,0.6665,1.0000,0.1768,1.00,85.1,26.28
3,0.6545,0.5369,1.0000,0.0706,1.00,86.2,28.50
4,0.5101,0.3681,1.0000,0.1985,0.00,84.9,25.17
5,0.9461,0.8780,1.0000,0.1096,2.00,81.9,36.72
6,0.9022,0.8257,1.0000,0.1705,1.00,82.1,32.13
7,0.7143,0.6117,1.0000,0.1168,1.00,85.2,33.37
8,1.0182,0.9641,1.0000,0.0621,3.00,72.8,25.02
9,0.6260,0.5012,1.0000,0.1128,1.00,89.6,38.20
10,0.9082,0.8345,1.0000,0.1112,3.00,81.2,36.07
11,0.5693,0.4355,1.0000,0.1403,1.00,81.7,25.72
12,0.6850,0.5750,1.0000,0.2500,0.00,59.8,18.19
13,0.9104,0.8412,1.0000,0.0440,3.00,84.8,94.41
1,0.6153,0.5754,1.0000,0.1229,0.00,82.8,36.26
2,0.5875,0.5395,1.0000,0.0496,1.00,85.8,17.18
3,0.7165,0.6686,1.0000,0.2305,0.00,83.0,22.13
4,0.5500,0.5000,1.0000,0.1000,2.00,79.2,57.70
1,0.6966,0.6411,1.0000,0.2315,0.00,84.2,30.47
2,0.5802,0.5318,1.0000,0.0499,1.00,82.5,21.66
3,0.6153,0.5687,1.0000,0.0524,1.00,75.1,27.91
4,0.5500,0.5000,1.0000,0.1000,2.00,80.0,17.74
5,1.0500,1.0000,1.0000,0.0000,2.00,80.8,30.27
6,0.1750,0.1250,1.0000,0.2840,1.00,88.6,26.75
7,1.0306,0.9795,1.0000,0.0539,1.00,80.9,29.35
8,0.3000,0.2500,1.0000,0.2616,1.00,86.1,20.12
9,0.8098,0.7735,1.0000,0.0630,1.00,83.5,27.07
10,0.7183,0.6771,1.0000,0.1444,0.00,86.1,31.92
11,1.0325,0.9816,1.0000,0.0535,1.00,78.6,33.69
12,0.9102,0.8595,1.0000,0.0567,1.00,81.2,22.73
13,0.5500,0.5000,1.0000,0.1000,2.00,81.8,29.26
14,0.7284,0.6813,1.0000,0.2202,1.00,91.9,24.33
15,1.0485,0.9984,1.0000,0.0000,2.00,84.9,33.20
16,1.0374,0.9868,1.0000,0.0575,1.00,81.1,25.88
17,0.6629,0.6123,1.0000,0.2634,0.00,83.4,29.44
18,0.6383,0.5929,1.0000,0.0485,1.00,81.6,15.33
19,0.8130,0.7637,1.0000,0.1574,1.00,79.9,21.08
20,0.9024,0.8512,1.0000,0.1318,0.00,85.8,26.94
21,1.0500,1.0000,1.0000,0.0000,2.00,73.9,36.11
22,0.6066,0.5661,1.0000,0.2336,0.00,82.5,23.41
23,0.4228,0.3792,1.0000,0.1651,1.00,81.4,33.11
24,1.0500,1.0000,1.0000,0.0000,2.00,81.6,26.05
25,1.0500,1.0000,1.0000,0.0000,2.00,81.2,33.41
26,0.6682,0.6178,1.0000,0.2338,0.00,79.9,17.50
27,0.6156,0.5691,1.0000,0.0484,1.00,78.4,22.77
28,0.6486,0.6037,1.0000,0.0525,1.00,64.5,17.26
29,0.7812,0.7433,1.0000,0.0558,1.00,83.5,42.55
30,0.1227,0.0765,1.0000,0.0000,2.00,83.1,22.16
31,0.5502,0.5002,1.0000,0.1000,2.00,82.1,18.90
32,0.6750,0.6250,1.0000,0.2488,1.00,81.9,24.54
33,0.7609,0.7155,1.0000,0.0919,1.00,81.8,33.25
34,0.9250,0.8750,1.0000,0.1017,1.00,82.4,18.42
35,0.6689,0.6252,1.0000,0.0494,1.00,81.2,27.13
36,0.9248,0.8748,1.0000,0.1017,1.00,95.2,27.40
37,1.0500,1.0000,1.0000,0.0000,2.00,78.6,41.01
38,1.0500,1.0000,1.0000,0.0000,2.00,80.2,25.94
39,0.9250,0.8750,1.0000,0.1017,1.00,84.5,37.46
40,0.7995,0.7495,1.0000,0.2084,1.00,84.0,25.36
41,0.6319,0.5862,1.0000,0.0495,1.00,83.5,28.80
42,0.9000,0.8619,1.0000,0.0924,1.00,85.1,21.72
43,0.5521,0.5023,1.0000,0.1000,2.00,82.5,13.94
44,0.5516,0.5017,1.0000,0.1000,2.00,79.8,22.17
45,0.4449,0.3960,1.0000,0.1307,0.00,82.1,26.27
46,0.9785,0.9247,1.0000,0.0701,1.00,81.6,23.43
47,0.8000,0.7500,1.0000,0.2084,1.00,85.5,19.46
48,1.0500,1.0000,1.0000,0.0000,2.00,80.2,19.21
49,0.5025,0.4566,1.0000,0.2738,0.00,84.6,43.19
50,1.0500,1.0000,1.0000,0.0000,2.00,61.2,33.60
51,0.3907,0.3455,1.0000,0.2286,0.00,86.2,22.60
52,0.6792,0.6294,1.0000,0.1672,1.00,81.5,28.90
53,0.6009,0.5536,1.0000,0.0487,1.00,76.0,28.66
54,0.5500,0.5000,1.0000,0.1000,2.00,81.1,15.47
55,1.0500,1.0000,1.0000,0.0000,2.00,81.9,31.42
56,0.5500,0.5000,1.0000,0.1000,2.00,82.8,14.62
57,0.7773,0.7392,1.0000,0.0503,1.00,81.9,26.63
58,0.4250,0.3750,1.0000,0.1706,1.00,81.8,20.94
59,0.6921,0.6495,1.0000,0.2158,0.00,71.6,21.48
60,1.0500,1.0000,1.0000,0.0000,2.00,81.1,34.32
61,0.6842,0.6412,1.0000,0.1309,0.00,80.1,27.01
62,0.7284,0.6813,1.0000,0.2202,1.00,75.1,18.28
63,1.0500,1.0000,1.0000,0.0000,2.00,81.5,25.38
64,0.5770,0.5284,1.0000,0.2500,0.00,84.2,45.04
65,0.2315,0.1845,1.0000,0.2618,0.00,76.9,33.31
66,1.0500,1.0000,1.0000,0.0000,2.00,81.0,23.91
67,0.2751,0.2303,1.0000,0.2621,0.00,84.1,18.30
68,0.8000,0.7500,1.0000,0.2084,1.00,81.6,22.35
69,0.4251,0.3817,1.0000,0.2319,0.00,84.4,25.75
70,0.7722,0.7208,1.0000,0.1402,1.00,82.6,36.33
71,0.4938,0.4408,1.0000,0.2341,0.00,87.1,23.40
72,0.6428,0.5977,1.0000,0.0514,1.00,74.4,43.31
73,1.0476,0.9975,1.0000,0.0000,2.00,81.1,35.61
74,0.6750,0.6250,1.0000,0.2488,1.00,84.4,20.67
75,1.0500,1.0000,1.0000,0.0000,2.00,81.0,26.52
76,0.6798,0.6366,1.0000,0.0611,1.00,84.6,26.43
77,0.5552,0.5055,1.0000,0.1000,2.00,69.1,28.76
78,1.0499,0.9999,1.0000,0.0000,2.00,77.8,24.25
79,0.4281,0.3848,1.0000,0.2232,0.00,83.6,26.31
80,1.0500,1.0000,1.0000,0.0000,2.00,82.5,23.17
81,0.6213,0.5750,1.0000,0.1000,2.00,73.2,24.48
82,0.6750,0.6250,1.0000,0.2488,1.00,82.5,22.48
83,0.9863,0.9395,1.0000,0.0931,1.00,85.1,25.30
84,0.5529,0.5031,1.0000,0.1000,2.00,83.4,19.57
85,0.7370,0.6903,1.0000,0.0888,1.00,78.6,26.15
86,0.5507,0.5007,1.0000,0.1000,2.00,81.2,20.34
87,1.0500,1.0000,1.0000,0.0000,2.00,76.9,37.47
88,0.6924,0.6499,1.0000,0.0828,1.00,77.8,23.21
89,1.0500,1.0000,1.0000,0.0000,2.00,81.2,25.16
90,0.3100,0.2605,1.0000,0.2309,0.00,85.9,14.45
91,0.5468,0.5032,1.0000,0.1268,0.00,78.9,22.52
92,1.0500,1.0000,1.0000,0.0000,2.00,80.8,27.14
93,0.8000,0.7500,1.0000,0.2084,1.00,85.4,40.90
94,0.5500,0.5000,1.0000,0.1000,2.00,80.9,27.93
95,1.0500,1.0000,1.0000,0.0000,2.00,81.1,44.69
96,0.3410,0.2932,1.0000,0.2311,0.00,81.1,23.71
97,0.5500,0.5000,1.0000,0.1000,2.00,82.8,43.43
98,0.5999,0.5526,1.0000,0.0487,1.00,62.2,15.46
99,0.9250,0.8750,1.0000,0.1017,1.00,86.2,28.37
100,0.9926,0.9462,1.0000,0.1037,1.00,80.8,23.31
100,0.0000,0.0000,0.0000,0.0000,0.00,0.0,0.00
101,0.5500,0.5000,1.0000,0.1000,2.00,81.2,22.20
102,1.0500,1.0000,1.0000,0.0000,2.00,67.6,21.93
103,1.0500,1.0000,1.0000,0.0000,2.00,83.5,22.80
104,1.0500,1.0000,1.0000,0.0000,2.00,82.5,27.88
105,0.6337,0.5881,1.0000,0.0821,1.00,78.6,21.23
106,0.5505,0.5005,1.0000,0.1000,2.00,84.0,20.52
107,0.5500,0.5000,1.0000,0.1000,2.00,80.1,13.21
108,0.6736,0.6236,1.0000,0.2307,1.00,80.4,12.02
109,0.5500,0.5000,1.0000,0.1000,2.00,85.2,26.52
110,0.8878,0.8359,1.0000,0.0816,1.00,79.5,11.31
111,1.0500,1.0000,1.0000,0.0000,2.00,64.6,14.45
112,0.8929,0.8478,1.0000,0.0724,1.00,83.9,18.08
113,0.6750,0.6250,1.0000,0.2488,1.00,85.4,25.98
114,0.8000,0.7500,1.0000,0.2084,1.00,86.4,21.27
115,0.5500,0.5000,1.0000,0.1000,2.00,79.1,25.51
116,0.4173,0.3734,1.0000,0.2282,0.00,79.8,23.39
117,1.0500,1.0000,1.0000,0.0000,2.00,76.5,39.03
118,0.8011,0.7512,1.0000,0.1950,1.00,83.0,26.81
119,0.9505,0.8953,1.0000,0.0692,1.00,84.4,18.54
120,1.0338,0.9830,1.0000,0.0532,1.00,76.9,27.17
121,1.0327,0.9818,1.0000,0.0627,1.00,81.8,27.63
122,0.6213,0.5750,1.0000,0.1000,2.00,69.8,20.43
123,1.0500,1.0000,1.0000,0.0000,2.00,82.4,47.87
124,0.5665,0.5174,1.0000,0.0497,1.00,62.1,19.10
125,0.2144,0.1665,1.0000,0.2617,0.00,85.2,29.81
126,0.7950,0.7579,1.0000,0.0531,1.00,89.6,21.56
127,0.8603,0.8135,1.0000,0.1402,1.00,85.1,32.29
128,0.6752,0.6252,1.0000,0.2173,0.00,84.0,32.14
129,0.5500,0.5000,1.0000,0.1000,2.00,83.0,26.02
130,0.6213,0.5750,1.0000,0.1000,2.00,78.6,17.07
131,0.5507,0.5008,1.0000,0.1000,2.00,63.4,13.13
132,0.7369,0.6968,1.0000,0.0572,1.00,83.8,21.23
133,0.5500,0.5000,1.0000,0.1000,2.00,81.1,30.41
134,0.6757,0.6324,1.0000,0.0419,1.00,76.1,29.38
135,0.8000,0.7500,1.0000,0.2084,1.00,83.0,28.88
136,0.5790,0.5305,1.0000,0.0483,1.00,82.8,20.91
137,0.5672,0.5181,1.0000,0.0498,1.00,81.8,23.34
138,1.0500,1.0000,1.0000,0.0000,2.00,81.6,20.60
139,0.2388,0.1988,1.0000,0.0735,1.00,73.9,11.56
140,0.9573,0.9090,1.0000,0.1028,1.00,78.8,11.16
141,1.0500,1.0000,1.0000,0.0000,2.00,62.8,27.07
142,1.0500,1.0000,1.0000,0.0000,2.00,81.0,29.88
143,0.2284,0.1813,1.0000,0.2496,1.00,73.2,12.47
144,0.5500,0.5000,1.0000,0.1000,2.00,81.1,19.40
145,0.8000,0.7500,1.0000,0.2084,1.00,82.4,25.51
146,0.5502,0.5002,1.0000,0.1000,2.00,81.5,19.97
147,1.0500,1.0000,1.0000,0.0000,2.00,81.8,21.89
148,0.8000,0.7500,1.0000,0.2084,1.00,81.2,21.90
149,0.7812,0.7368,1.0000,0.1847,1.00,68.5,20.74
150,1.0500,1.0000,1.0000,0.0000,2.00,81.8,22.56
151,0.3584,0.3115,1.0000,0.2090,0.00,78.0,15.93
152,0.1212,0.0750,1.0000,0.0000,2.00,68.2,11.84
153,1.0500,1.0000,1.0000,0.0000,2.00,81.6,27.95
154,0.4475,0.4052,1.0000,0.2304,0.00,85.0,15.59
155,1.0500,1.0000,1.0000,0.0000,2.00,80.5,14.21
156,0.6213,0.5750,1.0000,0.1000,2.00,72.6,16.70
157,1.0500,1.0000,1.0000,0.0000,2.00,81.0,26.35
158,0.3069,0.2639,1.0000,0.1796,1.00,87.4,11.63
159,1.0500,1.0000,1.0000,0.0000,2.00,80.9,13.44
160,0.5533,0.5101,1.0000,0.1069,1.00,82.8,11.62
161,1.0406,0.9901,1.0000,0.0545,1.00,77.2,28.42
162,0.9367,0.8873,1.0000,0.0859,1.00,84.2,16.21
163,1.0500,1.0000,1.0000,0.0000,2.00,83.1,15.54
164,1.0500,1.0000,1.0000,0.0000,2.00,66.5,13.09
165,0.7737,0.7223,1.0000,0.1610,1.00,78.4,20.55
166,1.0500,1.0000,1.0000,0.0000,2.00,61.8,20.54
167,0.8563,0.8092,1.0000,0.1684,1.00,60.9,15.66
168,0.9146,0.8640,1.0000,0.0957,1.00,81.5,13.24
169,0.3008,0.2509,1.0000,0.2616,1.00,84.6,19.92
170,0.8994,0.8547,1.0000,0.0793,1.00,75.8,17.42
171,0.9250,0.8750,1.0000,0.1017,1.00,85.0,13.59
172,0.3743,0.3348,1.0000,0.1464,1.00,95.2,10.37
173,0.4250,0.3750,1.0000,0.1706,1.00,85.8,24.65
174,0.5500,0.5000,1.0000,0.1000,2.00,80.5,15.49
175,0.5500,0.5000,1.0000,0.1000,2.00,83.9,25.46
176,1.0500,1.0000,1.0000,0.0000,2.00,76.9,26.79
177,0.8000,0.7500,1.0000,0.2084,1.00,85.4,23.21
178,0.5738,0.5251,1.0000,0.0494,1.00,81.8,17.74
179,0.2946,0.2509,1.0000,0.2284,0.00,78.2,9.24
180,1.0500,1.0000,1.0000,0.0000,2.00,84.1,15.45
181,0.6059,0.5588,1.0000,0.0514,1.00,102.0,21.14
182,1.0500,1.0000,1.0000,0.0000,2.00,77.1,24.54
183,0.5500,0.5000,1.0000,0.1000,2.00,81.0,16.49
184,1.0497,0.9997,1.0000,0.0000,2.00,63.9,18.05
185,1.0500,1.0000,1.0000,0.0000,2.00,81.0,22.05
186,0.7944,0.7573,1.0000,0.0538,1.00,84.1,12.05
187,1.0500,1.0000,1.0000,0.0000,2.00,81.1,18.57
188,0.8000,0.7500,1.0000,0.2084,1.00,85.0,26.19
189,1.0500,1.0000,1.0000,0.0000,2.00,77.0,25.01
190,0.8678,0.8280,1.0000,0.1340,1.00,81.0,16.70
191,1.0500,1.0000,1.0000,0.0000,2.00,80.5,14.23
192,0.7209,0.6733,1.0000,0.1468,1.00,74.4,24.01
193,0.5500,0.5000,1.0000,0.1000,2.00,82.1,26.20
194,0.4262,0.3763,1.0000,0.3141,0.00,85.0,22.20
195,0.2853,0.2346,1.0000,0.2795,0.00,84.6,18.11
196,0.6750,0.6250,1.0000,0.2488,1.00,81.1,24.45
197,1.0500,1.0000,1.0000,0.0000,2.00,81.1,93.85
198,0.8000,0.7500,1.0000,0.2084,1.00,85.5,17.69
199,1.0500,1.0000,1.0000,0.0000,2.00,82.5,28.87
200,0.6750,0.6250,1.0000,0.2488,1.00,82.4,17.21
200,0.0000,0.0000,0.0000,0.0000,0.00,0.0,0.00
201,0.6213,0.5750,1.0000,0.1000,2.00,76.6,20.60
202,0.5500,0.5000,1.0000,0.1000,2.00,82.8,26.99
203,0.5500,0.5000,1.0000,0.1000,2.00,86.2,22.93
204,1.0500,1.0000,1.0000,0.0000,2.00,82.4,16.29
205,1.0500,1.0000,1.0000,0.0000,2.00,80.9,22.59
206,0.5500,0.5000,1.0000,0.1000,2.00,81.4,20.29
207,0.2285,0.1813,1.0000,0.2496,1.00,73.5,11.32
208,1.0500,1.0000,1.0000,0.0000,2.00,60.5,12.76
209,0.8017,0.7584,1.0000,0.0885,1.00,68.0,15.46
210,0.8000,0.7500,1.0000,0.2084,1.00,84.9,16.70
211,0.7051,0.6633,1.0000,0.0573,1.00,80.1,13.25
212,0.5500,0.5000,1.0000,0.1000,2.00,78.6,12.76
213,0.6341,0.5820,1.0000,0.2624,0.00,82.5,22.04
214,0.9616,0.9135,1.0000,0.1008,1.00,78.2,11.58
215,0.9250,0.8750,1.0000,0.1017,1.00,85.0,12.28
216,0.8420,0.8007,1.0000,0.0837,1.00,60.2,10.47
217,1.0500,1.0000,1.0000,0.0000,2.00,62.8,19.19
218,1.0500,1.0000,1.0000,0.0000,2.00,80.5,14.14
219,0.5500,0.5000,1.0000,0.1000,2.00,58.9,10.42
220,0.5556,0.5059,1.0000,0.0498,1.00,80.4,17.95
221,0.9250,0.8750,1.0000,0.1017,1.00,86.1,22.58
222,0.1750,0.1250,1.0000,0.2840,1.00,83.6,13.05
223,1.0500,1.0000,1.0000,0.0000,2.00,76.5,18.67
224,0.4493,0.4006,1.0000,0.1300,0.00,81.6,18.71
225,0.6958,0.6469,1.0000,0.2279,0.00,74.1,39.62
226,0.6213,0.5750,1.0000,0.1000,2.00,75.2,16.43
227,1.0500,1.0000,1.0000,0.0000,2.00,81.8,19.82
228,0.6505,0.6058,1.0000,0.1730,0.00,80.4,31.16
229,1.0500,1.0000,1.0000,0.0000,2.00,60.5,17.34
230,1.0500,1.0000,1.0000,0.0000,2.00,80.9,22.74
231,1.0500,1.0000,1.0000,0.0000,2.00,80.5,17.95
232,0.8644,0.8244,1.0000,0.1108,1.00,78.8,15.56
233,0.4250,0.3750,1.0000,0.1706,1.00,85.2,20.02
234,1.0500,1.0000,1.0000,0.0000,2.00,81.0,11.36
235,0.6365,0.5976,1.0000,0.2392,0.00,64.2,13.22
236,0.6725,0.6223,1.0000,0.2234,1.00,60.9,10.61
237,0.7396,0.6865,1.0000,0.2103,0.00,72.5,16.25
238,0.5694,0.5205,1.0000,0.0485,1.00,81.0,17.61
239,0.8953,0.8503,1.0000,0.0712,1.00,74.9,12.03
240,0.7749,0.7301,1.0000,0.1623,1.00,86.6,11.25
241,0.9250,0.8750,1.0000,0.1017,1.00,84.5,22.12
242,1.0500,1.0000,1.0000,0.0000,2.00,80.9,10.84
243,0.5429,0.4991,1.0000,0.1254,0.00,79.6,10.86
244,0.1213,0.0750,1.0000,0.0000,2.00,68.5,10.29
245,0.5652,0.5159,1.0000,0.0497,1.00,77.4,34.37
246,0.5500,0.5000,1.0000,0.1000,2.00,79.4,23.21
247,1.0500,1.0000,1.0000,0.0000,2.00,81.0,23.23
248,0.9250,0.8750,1.0000,0.1017,1.00,85.5,16.73
249,1.0457,0.9955,1.0000,0.0510,1.00,78.0,20.60
250,1.0500,1.0000,1.0000,0.0000,2.00,82.0,19.22
251,0.7953,0.7451,1.0000,0.2141,0.00,76.9,9.35
252,0.8000,0.7500,1.0000,0.2084,1.00,84.0,12.18
253,1.0500,1.0000,1.0000,0.0000,2.00,80.5,20.65
254,0.9250,0.8750,1.0000,0.1017,1.00,86.2,12.41
255,1.0500,1.0000,1.0000,0.0000,2.00,80.5,15.57
256,0.6343,0.5888,1.0000,0.2376,0.00,79.9,13.08
257,0.6213,0.5750,1.0000,0.1000,2.00,76.5,18.42
258,0.6204,0.5675,1.0000,0.2231,0.00,87.0,12.03
259,1.0500,1.0000,1.0000,0.0000,2.00,62.2,12.52
260,0.8630,0.8229,1.0000,0.1147,1.00,79.8,10.19
261,1.0500,1.0000,1.0000,0.0000,2.00,80.5,20.45
262,0.8033,0.7601,1.0000,0.0506,1.00,94.6,11.06
263,1.0500,1.0000,1.0000,0.0000,2.00,81.0,12.45
264,0.9250,0.8750,1.0000,0.1017,1.00,85.0,13.46
265,0.1750,0.1250,1.0000,0.2840,1.00,84.6,21.00
266,1.0500,1.0000,1.0000,0.0000,2.00,81.0,13.37
267,0.6886,0.6459,1.0000,0.0489,1.00,76.9,14.17
268,0.4250,0.3750,1.0000,0.1706,1.00,89.6,13.66
269,1.0500,1.0000,1.0000,0.0000,2.00,80.5,23.34
270,0.6213,0.5750,1.0000,0.1000,2.00,70.2,11.26
271,0.4163,0.3658,1.0000,0.2917,0.00,85.1,14.66
272,1.0500,1.0000,1.0000,0.0000,2.00,81.4,12.31
273,0.5500,0.5000,1.0000,0.1000,2.00,85.5,19.26
274,0.7010,0.6524,1.0000,0.1890,0.00,70.0,9.59
275,0.6651,0.6146,1.0000,0.2108,1.00,79.0,11.89
276,0.9250,0.8750,1.0000,0.1017,1.00,81.0,14.10
277,0.3534,0.3063,1.0000,0.3298,0.00,74.6,19.00
278,0.2293,0.1887,1.0000,0.0903,1.00,84.0,10.16
279,0.8000,0.7500,1.0000,0.2084,1.00,85.1,14.61
280,0.5500,0.5000,1.0000,0.1000,2.00,81.4,12.53
281,1.0500,1.0000,1.0000,0.0000,2.00,81.1,22.58
282,0.6758,0.6258,1.0000,0.2376,1.00,87.5,11.17
283,0.3533,0.3061,1.0000,0.2682,0.00,83.0,11.90
284,0.7815,0.7371,1.0000,0.1315,1.00,61.9,8.91
285,0.9250,0.8750,1.0000,0.1017,1.00,85.5,22.22
286,0.7284,0.6813,1.0000,0.2202,1.00,88.4,10.89
287,0.6750,0.6250,1.0000,0.2488,1.00,84.5,13.29
288,1.0500,1.0000,1.0000,0.0000,1.00,38.0,9.95
289,1.0500,1.0000,1.0000,0.0000,2.00,62.6,20.57
290,1.0500,1.0000,1.0000,0.0000,2.00,81.0,22.64
291,0.6750,0.6250,1.0000,0.2488,1.00,82.0,21.01
292,0.6750,0.6250,1.0000,0.2488,1.00,82.5,19.37
293,1.0500,1.0000,1.0000,0.0000,2.00,61.8,16.85
294,0.6168,0.5704,1.0000,0.0498,1.00,80.0,15.30
295,0.1750,0.1250,1.0000,0.2840,1.00,82.4,13.42
296,0.9733,0.9192,1.0000,0.0690,1.00,82.0,14.00
297,0.8877,0.8357,1.0000,0.0854,1.00,83.2,24.13
298,0.7284,0.6813,1.0000,0.2202,1.00,80.2,12.73
299,0.5500,0.5000,1.0000,0.1000,2.00,87.2,11.25
300,0.6750,0.6250,1.0000,0.2488,1.00,85.1,13.74
300,0.0000,0.0000,0.0000,0.0000,0.00,0.0,0.00
301,0.4450,0.3960,1.0000,0.1571,1.00,94.5,19.71
302,0.1216,0.0754,1.0000,0.0000,2.00,72.8,13.97
303,0.9250,0.8750,1.0000,0.1017,1.00,84.5,16.89
304,1.0500,1.0000,1.0000,0.0000,1.00,38.0,9.45
305,0.6530,0.6084,1.0000,0.0517,1.00,72.8,15.93
306,1.0500,1.0000,1.0000,0.0000,2.00,82.0,14.77
307,0.6750,0.6250,1.0000,0.2488,1.00,82.2,13.79
308,1.0500,1.0000,1.0000,0.0000,2.00,81.5,16.34
309,1.0500,1.0000,1.0000,0.0000,2.00,81.0,23.11
310,0.9250,0.8750,1.0000,0.1017,1.00,84.0,12.18
311,1.0500,1.0000,1.0000,0.0000,2.00,81.5,18.99
312,0.5623,0.5129,1.0000,0.1995,0.00,80.1,14.57
313,1.0500,1.0000,1.0000,0.0000,2.00,80.5,20.34
314,1.0500,1.0000,1.0000,0.0000,2.00,63.9,12.04
315,1.0500,1.0000,1.0000,0.0000,1.00,78.0,11.42
316,0.5500,0.5000,1.0000,0.1000,2.00,80.5,11.51
317,1.0500,1.0000,1.0000,0.0000,2.00,81.5,20.70
318,0.7989,0.7620,1.0000,0.0631,1.00,74.5,12.69
319,0.3000,0.2500,1.0000,0.2616,1.00,84.9,12.71
320,1.0500,1.0000,1.0000,0.0000,2.00,80.6,20.91
321,0.6818,0.6321,1.0000,0.1758,1.00,76.6,31.85
322,1.0500,1.0000,1.0000,0.0000,2.00,76.5,21.03
323,1.0500,1.0000,1.0000,0.0000,2.00,64.1,13.06
324,0.9077,0.8633,1.0000,0.0712,1.00,87.8,10.73
325,1.0500,1.0000,1.0000,0.0000,1.00,38.0,16.99
326,1.0500,1.0000,1.0000,0.0000,2.00,76.5,15.72
327,0.8000,0.7500,1.0000,0.2084,1.00,80.5,20.45
328,0.8355,0.7939,1.0000,0.0722,1.00,78.6,10.97
329,0.5500,0.5000,1.0000,0.1000,2.00,78.5,19.02
330,1.0500,1.0000,1.0000,0.0000,2.00,77.0,13.12
331,0.6210,0.5747,1.0000,0.1000,2.00,72.9,12.09
332,1.0500,1.0000,1.0000,0.0000,2.00,82.5,11.59
333,0.6983,0.6495,1.0000,0.1234,1.00,81.5,18.98
334,0.6399,0.5946,1.0000,0.0466,1.00,89.9,9.67
335,0.7395,0.6994,1.0000,0.0522,1.00,74.8,14.85
336,1.0500,1.0000,1.0000,0.0000,2.00,80.5,12.66
337,1.0500,1.0000,1.0000,0.0000,2.00,82.5,22.21
338,1.0500,1.0000,1.0000,0.0000,2.00,77.0,20.33
339,0.7748,0.7300,1.0000,0.0640,1.00,78.9,10.00
340,0.9937,0.9407,1.0000,0.0837,1.00,90.9,11.45
341,0.5500,0.5000,1.0000,0.1000,2.00,79.1,22.78
342,0.8000,0.7500,1.0000,0.2084,1.00,81.8,17.48
343,0.6825,0.6329,1.0000,0.2143,1.00,80.5,17.71
344,1.0500,1.0000,1.0000,0.0000,2.00,82.0,17.25
345,0.5500,0.5000,1.0000,0.1000,2.00,85.0,21.31
346,1.0500,1.0000,1.0000,0.0000,2.00,80.5,13.30
347,0.5500,0.5000,1.0000,0.1000,2.00,67.1,11.21
348,0.6093,0.5625,1.0000,0.0499,1.00,74.5,22.67
349,0.2284,0.1813,1.0000,0.2496,1.00,77.9,46.47
350,0.9046,0.8601,1.0000,0.1357,1.00,63.0,17.56
351,1.0500,1.0000,1.0000,0.0000,2.00,62.9,18.10
352,1.0500,1.0000,1.0000,0.0000,2.00,80.6,14.25
353,0.5501,0.5001,1.0000,0.1000,2.00,80.4,24.33
354,1.0500,1.0000,1.0000,0.0000,1.00,70.0,15.63
355,1.0500,1.0000,1.0000,0.0000,2.00,80.6,13.86
356,0.4250,0.3750,1.0000,0.1706,1.00,79.1,14.89
357,0.6213,0.5750,1.0000,0.1000,2.00,60.4,19.96
358,0.6184,0.5720,1.0000,0.2348,0.00,85.0,10.68
359,0.3004,0.2505,1.0000,0.2616,1.00,87.2,12.38
360,1.0500,1.0000,1.0000,0.0000,2.00,81.1,13.11
361,0.5549,0.5051,1.0000,0.0499,1.00,82.8,19.58
362,0.8000,0.7500,1.0000,0.2084,1.00,85.0,12.12
363,0.3068,0.2571,1.0000,0.2311,0.00,81.0,12.34
364,1.0500,1.0000,1.0000,0.0000,2.00,76.5,16.85
365,0.8000,0.7500,1.0000,0.2084,1.00,81.8,19.10
366,1.0500,1.0000,1.0000,0.0000,2.00,81.1,14.87
367,0.5591,0.5096,1.0000,0.0496,1.00,88.5,13.40
368,0.7904,0.7464,1.0000,0.1353,1.00,86.5,12.14
369,1.0500,1.0000,1.0000,0.0000,1.00,81.0,19.70
370,1.0500,1.0000,1.0000,0.0000,1.00,70.0,16.34
371,0.6601,0.6093,1.0000,0.1681,1.00,86.6,12.29
372,1.0500,1.0000,1.0000,0.0000,2.00,81.4,13.49
373,0.9250,0.8750,1.0000,0.1017,1.00,85.5,38.14
374,0.1750,0.1250,1.0000,0.2840,1.00,80.0,12.87
375,1.0500,1.0000,1.0000,0.0000,2.00,82.5,15.59
376,0.8318,0.7900,1.0000,0.0965,1.00,74.6,14.92
377,0.3550,0.3079,1.0000,0.2277,0.00,83.0,20.24
378,0.6750,0.6250,1.0000,0.2488,1.00,84.0,14.25
379,0.9086,0.8643,1.0000,0.0808,1.00,79.2,12.95
380,0.6530,0.6084,1.0000,0.0739,1.00,79.1,22.44
381,0.4259,0.3759,1.0000,0.1706,1.00,83.0,34.64
382,0.6018,0.5545,1.0000,0.0461,1.00,78.0,27.12
383,1.0500,1.0000,1.0000,0.0000,1.00,78.0,18.62
384,0.9250,0.8750,1.0000,0.1017,1.00,82.5,24.80
385,1.0500,1.0000,1.0000,0.0000,2.00,82.2,25.93
386,1.0500,1.0000,1.0000,0.0000,1.00,78.0,11.55
387,1.0500,1.0000,1.0000,0.0000,2.00,76.9,37.77
388,1.0135,0.9615,1.0000,0.0505,1.00,74.5,18.22
389,1.0500,1.0000,1.0000,0.0000,2.00,81.5,31.05
390,0.4251,0.3751,1.0000,0.1706,1.00,86.2,21.01
391,0.8000,0.7500,1.0000,0.2084,1.00,85.0,23.53
392,1.0500,1.0000,1.0000,0.0000,2.00,76.6,23.08
393,1.0500,1.0000,1.0000,0.0000,2.00,76.6,29.50
394,0.3080,0.2650,1.0000,0.2333,1.00,66.8,11.59
395,0.9250,0.8750,1.0000,0.1017,1.00,81.8,16.93
396,0.7476,0.7015,1.0000,0.1735,1.00,83.5,14.73
397,0.7924,0.7420,1.0000,0.1850,1.00,88.8,20.24
398,0.3380,0.2900,1.0000,0.2281,0.00,84.5,14.55
399,0.9250,0.8750,1.0000,0.1017,1.00,81.5,15.03
400,1.0500,1.0000,1.0000,0.0000,2.00,82.0,40.31
400,0.0000,0.0000,0.0000,0.0000,0.00,0.0,0.00
401,0.7628,0.7240,1.0000,0.0511,1.00,78.9,20.15
402,0.6804,0.6307,1.0000,0.1634,0.00,83.0,12.56
403,0.8750,0.8356,1.0000,0.0658,1.00,82.4,12.71
404,0.4250,0.3750,1.0000,0.1706,1.00,88.0,14.69
405,0.5500,0.5000,1.0000,0.2750,0.00,85.0,23.25
406,0.6213,0.5750,1.0000,0.1000,2.00,68.0,13.79
407,0.4490,0.4002,1.0000,0.1302,0.00,80.0,20.72
408,0.7963,0.7527,1.0000,0.0850,1.00,60.4,11.45
409,1.0500,1.0000,1.0000,0.0000,2.00,80.9,22.60
410,0.5500,0.5000,1.0000,0.1000,2.00,77.1,18.29
411,0.6750,0.6250,1.0000,0.2488,1.00,82.0,20.39
412,1.0500,1.0000,1.0000,0.0000,2.00,81.0,17.95
413,0.3000,0.2500,1.0000,0.3464,0.00,87.0,23.83
414,0.7088,0.6606,1.0000,0.1605,1.00,78.8,18.75
415,0.8000,0.7500,1.0000,0.2084,1.00,85.0,17.95
416,0.7722,0.7207,1.0000,0.1488,1.00,78.5,12.92
417,0.3000,0.2500,1.0000,0.3464,0.00,87.0,25.33
418,0.4250,0.3750,1.0000,0.1706,1.00,81.8,37.35
419,0.1936,0.1445,1.0000,0.2840,1.00,80.0,29.19
420,1.0500,1.0000,1.0000,0.0000,2.00,85.0,24.10
421,0.4250,0.3750,1.0000,0.1706,1.00,81.6,50.15
422,1.0500,1.0000,1.0000,0.0000,2.00,85.5,21.16
423,0.2630,0.2176,1.0000,0.2615,0.00,83.4,20.00
424,1.0500,1.0000,1.0000,0.0000,2.00,77.0,26.79
425,1.0500,1.0000,1.0000,0.0000,1.00,78.0,20.91
426,1.0500,1.0000,1.0000,0.0000,2.00,82.5,21.84
427,1.0500,1.0000,1.0000,0.0000,1.00,78.0,13.23
428,0.6213,0.5750,1.0000,0.1000,2.00,72.5,28.99
429,0.2229,0.1820,1.0000,0.0860,1.00,82.0,23.53
430,0.8000,0.7500,1.0000,0.2084,1.00,81.0,27.59
431,0.9247,0.8812,1.0000,0.0772,1.00,58.5,16.92
432,0.5500,0.5000,1.0000,0.1000,2.00,85.0,21.30
433,0.7786,0.7275,1.0000,0.1748,1.00,77.0,26.80
434,0.7631,0.7243,1.0000,0.0624,1.00,82.8,18.41
435,1.0500,1.0000,1.0000,0.0000,2.00,76.5,31.11
436,0.7156,0.6744,1.0000,0.0521,1.00,81.2,21.31
437,0.3024,0.2525,1.0000,0.1839,1.00,82.2,23.44
438,0.6750,0.6250,1.0000,0.2488,1.00,85.4,22.87
439,0.7942,0.7439,1.0000,0.1383,0.00,87.2,29.19
440,1.0500,1.0000,1.0000,0.0000,2.00,76.5,32.25
441,1.0500,1.0000,1.0000,0.0000,2.00,84.1,33.34
442,0.3000,0.2500,1.0000,0.3464,0.00,79.0,16.26
443,0.1394,0.0941,1.0000,0.0000,2.00,70.5,16.10
444,1.0500,1.0000,1.0000,0.0000,2.00,80.5,12.80
445,0.5500,0.5000,1.0000,0.1000,2.00,79.9,23.46
446,0.6213,0.5750,1.0000,0.1000,2.00,73.0,19.85
447,1.0500,1.0000,1.0000,0.0000,2.00,77.0,22.40
448,1.0500,1.0000,1.0000,0.0000,2.00,81.5,15.13
449,0.3001,0.2501,1.0000,0.2616,1.00,86.5,21.14
450,0.9250,0.8750,1.0000,0.1017,1.00,85.5,19.36
451,0.9428,0.8938,1.0000,0.1085,1.00,64.5,10.27
452,1.0500,1.0000,1.0000,0.0000,2.00,85.2,17.70
453,1.0500,1.0000,1.0000,0.0000,2.00,80.5,22.55
454,1.0500,1.0000,1.0000,0.0000,2.00,76.5,18.10
455,1.0500,1.0000,1.0000,0.0000,2.00,80.5,15.64
456,0.6213,0.5750,1.0000,0.1000,2.00,66.6,10.78
457,0.6750,0.6250,1.0000,0.2488,1.00,85.5,20.36
458,0.6213,0.5750,1.0000,0.1000,2.00,67.0,11.73
459,0.3990,0.3542,1.0000,0.2673,0.00,79.0,29.11
460,0.8000,0.7500,1.0000,0.2084,1.00,85.0,17.03
461,1.0500,1.0000,1.0000,0.0000,2.00,81.0,47.92
462,1.0500,1.0000,1.0000,0.0000,2.00,62.4,24.22
463,0.5737,0.5249,1.0000,0.0494,1.00,79.0,23.30
464,0.2290,0.1819,1.0000,0.2496,1.00,78.2,9.80
465,0.1499,0.1052,1.0000,0.0542,1.00,87.9,21.25
466,1.0500,1.0000,1.0000,0.0000,1.00,78.0,13.62
467,0.5109,0.4588,1.0000,0.0601,1.00,81.8,9.93
468,0.9211,0.8643,1.0000,0.0509,1.00,85.0,15.00
469,0.5500,0.5000,1.0000,0.1000,2.00,71.2,25.86
470,0.6838,0.6408,1.0000,0.0431,1.00,79.0,20.48
471,0.5450,0.5079,1.0000,0.2098,0.00,62.6,13.22
472,1.0500,1.0000,1.0000,0.0000,2.00,81.5,16.63
473,0.8356,0.7875,1.0000,0.1930,1.00,70.0,32.20
474,0.7284,0.6813,1.0000,0.2202,1.00,83.2,18.50
475,1.0500,1.0000,1.0000,0.0000,1.00,78.0,18.19